Crop_Type,Crop_Yield_MT_per_HA,Cumulative_Yield,Year
Wheat,59.676,59.676,2023
Vegetables,62.661,122.337,2023
Soybeans,67.795,190.132,2023
Corn,67.5,257.632,2023
Sugarcane,91.909,349.541,2023
Barley,60.178,409.719,2023
Fruits,55.176,464.895,2023
Coffee,55.904,520.799,2023
Cotton,55.608,576.4069999999999,2023
Rice,67.587,643.9939999999999,2023
